id,url,title,author,location,timestamp,meta_description,keywords,content
1,"https://stellarrimz.com/cloud-futures","Exploring Cloud Futures","Ananya Rao","Bangalore, India","2026-04-04","Insights into serverless and multi-cloud strategies.","cloud computing, serverless, multi-cloud","Cloud computing continues to reshape how businesses operate, offering scalability and resilience..."
2,"https://stellarrimz.com/bigquery-beginners","BigQuery for Beginners","Rahul Mehta","Pune, India","2026-04-05","Guide to loading and querying data in BigQuery.","bigquery, data warehouse, SQL","BigQuery has become a cornerstone for analysts who need to query massive datasets quickly..."
3,"https://stellarrimz.com/solo-founder-diaries","Solo Founder Diaries","Priya Sharma","Mumbai, India","2026-04-06","Lessons from building a startup alone.","startup, solo founder, entrepreneurship","Building a company alone is both exhilarating and exhausting. This blog shares lessons learned..."
4,"https://stellarrimz.com/ai-everyday-data","AI Meets Everyday Data","Karan Patel","Delhi, India","2026-04-07","How AI enhances data workflows.","AI, data cleaning, anomaly detection","Artificial intelligence is embedded in everyday workflows, enhancing data cleaning and schema detection..."
5,"https://stellarrimz.com/tech-growth-reflections","Reflections on Tech Growth","Sneha Kulkarni","Hyderabad, India","2026-04-08","Cultural shifts in digital-first thinking.","technology growth, digital-first, startups","Technology growth is not just about faster processors; it is about cultural shifts towards digital-first thinking..."
6,"https://stellarrimz.com/home-network-security","Securing Home Networks","Vikram Joshi","Pune, India","2026-04-09","Steps to secure home Wi-Fi.","cybersecurity, wifi, vpn","With cyber threats rising, securing home Wi-Fi networks has become essential. This blog covers DNS resets..."
7,"https://stellarrimz.com/serverless-rise","The Rise of Serverless","Meera Nair","Chennai, India","2026-04-10","Advantages and limitations of serverless computing.","serverless, cloud, devops","Serverless computing allows developers to focus on code without worrying about infrastructure..."
8,"https://stellarrimz.com/data-visualization-trends","Data Visualization Trends","Arjun Singh","Lucknow, India","2026-04-11","Storytelling with data and interactive visuals.","data visualization, storytelling, dashboards","Data visualization is evolving beyond charts and dashboards, enabling storytelling with data..."
9,"https://stellarrimz.com/scaling-startups","Scaling Startups","Ritika Deshmukh","Nagpur, India","2026-04-12","Balancing innovation with structure.","scaling, startups, cloud adoption","Scaling a startup requires balancing innovation with structure. This article highlights strategies..."
10,"https://stellarrimz.com/ethics-in-ai","Ethics in AI","Siddharth Menon","Kochi, India","2026-04-13","Bias and transparency in AI.","AI ethics, bias, transparency","As AI systems become pervasive, ethical considerations are critical. This blog discusses bias..."
11,"https://stellarrimz.com/python-fast-learning","Learning Python Fast","Neha Gupta","Indore, India","2026-04-14","Tips to accelerate Python learning.","python, programming, learning","Python remains the most popular language for beginners. This blog shares practical tips..."
12,"https://stellarrimz.com/cloudrun-deployment","Cloud Run Deployment","Rohan Iyer","Pune, India","2026-04-15","Troubleshooting Cloud Run deployments.","cloud run, deployment, gcp","Deploying agents on Cloud Run requires careful attention to build context and startup behavior..."
13,"https://stellarrimz.com/digital-privacy","Digital Privacy Today","Aditi Verma","Delhi, India","2026-04-16","Managing personal data and privacy.","privacy, vpn, encryption","Privacy concerns are growing as digital footprints expand. This blog explores VPNs and encryption..."
14,"https://stellarrimz.com/ai-in-education","AI in Education","Manish Kumar","Patna, India","2026-04-17","Personalized learning with AI.","AI, education, adaptive learning","AI is transforming classrooms by enabling personalized learning and adaptive assessments..."
15,"https://stellarrimz.com/remote-work","Remote Work Realities","Shalini Rao","Goa, India","2026-04-18","Challenges and tools for remote work.","remote work, productivity, communication","Remote work has shifted from novelty to norm. This blog reflects on productivity tools..."
16,"https://stellarrimz.com/cybersecurity-basics","Cybersecurity Basics","Deepak Shah","Surat, India","2026-04-19","Introduction to basic cybersecurity practices.","cybersecurity, passwords, phishing","Cybersecurity is no longer optional. This article introduces basic practices like strong passwords..."
17,"https://stellarrimz.com/future-databases","Future of Databases","Anil Kumar","Jaipur, India","2026-04-20","Comparing relational, NoSQL, and NewSQL.","databases, nosql, sql","Databases are evolving with cloud-native architectures. This blog compares relational, NoSQL..."
18,"https://stellarrimz.com/women-in-tech","Women in Tech","Pooja Reddy","Hyderabad, India","2026-04-21","Celebrating achievements and inclusivity.","women in tech, diversity, inclusion","Women are increasingly shaping the tech industry. This article celebrates achievements..."
19,"https://stellarrimz.com/quantum-computing","Quantum Computing Basics","Rajesh Singh","Delhi, India","2026-04-22","Introduction to qubits and entanglement.","quantum computing, qubits, cryptography","Quantum computing promises breakthroughs in cryptography and optimization..."
20,"https://stellarrimz.com/startup-branding","Startup Branding Essentials","Ishita Kapoor","Mumbai, India","2026-04-23","Building a professional brand identity.","branding, startups, identity","Branding is more than logos; it is about identity and trust. This article guides startups..."
